img,bwv_absent,bwv_present,dag_absent,dag_irregular,dag_regular,pig_absent,pig_irregular,pig_regular,pn_absent,pn_atypical,pn_typical,rs_absent,rs_present,str_absent,str_irregular,str_regular
Nel026.jpg,1,0,1,0,0,1,0,0,1,0,0,1,0,1,0,0
Nel028.jpg,1,0,0,1,0,1,0,0,1,0,0,1,0,1,0,0
Nel033.jpg,1,0,0,1,0,1,0,0,1,0,0,1,0,1,0,0
Nel035.jpg,0,1,0,1,0,1,0,0,1,0,0,0,1,1,0,0
Nel037.jpg,1,0,1,0,0,0,1,0,1,0,0,1,0,1,0,0
Nel039.jpg,1,0,1,0,0,0,1,0,1,0,0,1,0,1,0,0
Nel041.jpg,1,0,1,0,0,1,0,0,1,0,0,1,0,1,0,0
Nel085.jpg,0,1,0,1,0,0,1,0,1,0,0,1,0,1,0,0
Nel087.jpg,1,0,1,0,0,1,0,0,1,0,0,1,0,1,0,0
Nel089.jpg,1,0,0,1,0,0,1,0,1,0,0,1,0,1,0,0
Nel091.jpg,0,1,0,1,0,1,0,0,1,0,0,1,0,1,0,0
Nel092.jpg,1,0,0,1,0,1,0,0,1,0,0,0,1,1,0,0
Nel095.jpg,1,0,1,0,0,0,1,0,1,0,0,1,0,1,0,0
Nel097.jpg,1,0,1,0,0,0,1,0,1,0,0,0,1,1,0,0
Nel098.jpg,1,0,1,0,0,0,1,0,1,0,0,0,1,1,0,0
Nel100.jpg,1,0,1,0,0,1,0,0,1,0,0,1,0,1,0,0
Nfl068.jpg,0,1,1,0,0,1,0,0,1,0,0,1,0,0,1,0
Ngl047.jpg,1,0,0,1,0,0,1,0,1,0,0,1,0,1,0,0
Nhl011.jpg,0,1,0,1,0,0,1,0,0,0,1,1,0,0,1,0
Nml098.jpg,0,1,0,1,0,1,0,0,1,0,0,1,0,1,0,0
Nml102.jpg,1,0,0,1,0,1,0,0,1,0,0,1,0,1,0,0
Nml104.jpg,0,1,0,1,0,1,0,0,1,0,0,1,0,1,0,0
Nml106.jpg,0,1,0,1,0,1,0,0,1,0,0,1,0,1,0,0
Adl379.jpg,1,0,1,0,0,1,0,0,1,0,0,1,0,1,0,0
Ael455.jpg,1,0,1,0,0,0,1,0,1,0,0,1,0,1,0,0
Ael469.jpg,1,0,0,1,0,0,1,0,1,0,0,1,0,1,0,0
Ael502.jpg,1,0,1,0,0,1,0,0,1,0,0,1,0,1,0,0
Ael505.jpg,1,0,1,0,0,1,0,0,1,0,0,1,0,1,0,0
gzl02.jpg,1,0,0,1,0,0,1,0,1,0,0,1,0,1,0,0
gzl06.jpg,1,0,1,0,0,1,0,0,1,0,0,1,0,1,0,0
gzl38.jpg,1,0,1,0,0,1,0,0,1,0,0,1,0,1,0,0
Gal098.jpg,1,0,1,0,0,1,0,0,1,0,0,1,0,1,0,0
Fal096.jpg,0,1,0,1,0,1,0,0,1,0,0,1,0,1,0,0
Fcl062.jpg,1,0,0,1,0,1,0,0,1,0,0,0,1,0,1,0
Fdl070.jpg,1,0,0,1,0,1,0,0,1,0,0,0,1,1,0,0
Ggl028.jpg,1,0,1,0,0,1,0,0,1,0,0,1,0,1,0,0
Ggl030.jpg,1,0,0,0,1,1,0,0,0,0,1,1,0,1,0,0
Ggl082.jpg,1,0,0,1,0,1,0,0,0,1,0,1,0,1,0,0
Fgl088.jpg,1,0,0,1,0,0,1,0,1,0,0,1,0,1,0,0
Fgl053.jpg,1,0,0,1,0,1,0,0,1,0,0,1,0,1,0,0
Fhl050.jpg,1,0,0,1,0,1,0,0,1,0,0,0,1,1,0,0
Fhl052.jpg,1,0,1,0,0,1,0,0,1,0,0,1,0,1,0,0
Nfl040.jpg,1,0,1,0,0,0,0,1,1,0,0,1,0,1,0,0
Nfl046.jpg,1,0,1,0,0,0,0,1,1,0,0,1,0,1,0,0
Nfl048.jpg,1,0,1,0,0,0,0,1,1,0,0,1,0,1,0,0
Nfl050.jpg,0,1,1,0,0,1,0,0,0,0,1,1,0,1,0,0
Ngl072.jpg,1,0,1,0,0,0,0,1,1,0,0,1,0,1,0,0
Ngl090.jpg,1,0,1,0,0,0,1,0,1,0,0,1,0,1,0,0
Nml043.jpg,1,0,0,0,1,0,0,1,1,0,0,1,0,1,0,0
Nml087.jpg,0,1,1,0,0,1,0,0,0,0,1,1,0,1,0,0
Nml089.jpg,1,0,1,0,0,0,0,1,1,0,0,1,0,1,0,0
Aal068.jpg,1,0,1,0,0,0,0,1,1,0,0,1,0,1,0,0
Adl325.jpg,1,0,1,0,0,0,1,0,1,0,0,1,0,1,0,0
Ael442.jpg,1,0,1,0,0,0,1,0,1,0,0,1,0,1,0,0
Ael444.jpg,1,0,1,0,0,0,0,1,1,0,0,1,0,1,0,0
Ael446.jpg,1,0,1,0,0,0,1,0,1,0,0,1,0,1,0,0
Ael508.jpg,1,0,1,0,0,0,1,0,1,0,0,1,0,1,0,0
Ael510.jpg,1,0,1,0,0,0,1,0,1,0,0,1,0,1,0,0
Ael512.jpg,1,0,1,0,0,0,0,1,1,0,0,1,0,1,0,0
gzl24.jpg,1,0,1,0,0,0,0,1,1,0,0,1,0,1,0,0
gzl88.jpg,0,1,0,0,1,1,0,0,1,0,0,1,0,1,0,0
gzl42.jpg,1,0,1,0,0,0,0,1,1,0,0,1,0,0,1,0
Fal012.jpg,0,1,0,0,1,1,0,0,1,0,0,1,0,1,0,0
FBL032.JPG,1,0,1,0,0,0,1,0,1,0,0,1,0,1,0,0
Fcl088.jpg,1,0,1,0,0,0,1,0,1,0,0,1,0,1,0,0
FDL026.JPG,1,0,1,0,0,0,1,0,1,0,0,1,0,1,0,0
Ggl004.jpg,1,0,1,0,0,0,0,1,1,0,0,1,0,1,0,0
Ggl006.jpg,1,0,1,0,0,0,0,1,1,0,0,1,0,1,0,0
Fgl063.jpg,1,0,1,0,0,0,1,0,1,0,0,1,0,1,0,0
Fgl090.jpg,1,0,1,0,0,0,0,1,1,0,0,1,0,1,0,0
Ndl005.jpg,1,0,0,0,1,1,0,0,0,0,1,0,1,1,0,0
Nbl076.jpg,1,0,1,0,0,1,0,0,0,0,1,1,0,1,0,0
Nbl081.jpg,1,0,1,0,0,1,0,0,0,0,1,1,0,1,0,0
Nbl086.jpg,1,0,1,0,0,1,0,0,0,0,1,1,0,0,1,0
Nbl095.jpg,1,0,1,0,0,1,0,0,1,0,0,1,0,0,0,1
Nbl098.jpg,1,0,0,0,1,1,0,0,0,0,1,1,0,1,0,0
Ncl004.jpg,1,0,0,0,1,1,0,0,0,0,1,1,0,1,0,0
Ncl006.jpg,1,0,0,0,1,0,0,1,0,0,1,1,0,0,1,0
Ncl008.jpg,1,0,1,0,0,0,0,1,0,0,1,0,1,1,0,0
Ncl010.jpg,1,0,1,0,0,1,0,0,0,0,1,1,0,1,0,0
Ncl012.jpg,1,0,0,1,0,1,0,0,0,1,0,0,1,0,1,0
Ncl014.jpg,1,0,0,0,1,0,1,0,0,0,1,1,0,1,0,0
Ncl022.jpg,1,0,1,0,0,1,0,0,0,0,1,0,1,1,0,0
Ncl030.jpg,1,0,1,0,0,1,0,0,0,0,1,0,1,1,0,0
Ncl035.jpg,1,0,0,0,1,1,0,0,0,0,1,0,1,1,0,0
Ncl044.jpg,1,0,1,0,0,0,0,1,0,0,1,1,0,1,0,0
Ncl048.jpg,1,0,0,1,0,1,0,0,0,0,1,1,0,1,0,0
Ncl050.jpg,1,0,1,0,0,1,0,0,0,1,0,0,1,0,1,0
Ncl051.jpg,1,0,0,0,1,1,0,0,0,0,1,1,0,1,0,0
Ncl053.jpg,1,0,0,1,0,1,0,0,1,0,0,0,1,1,0,0
Ncl056.jpg,1,0,0,0,1,1,0,0,0,0,1,0,1,1,0,0
Ncl063.jpg,1,0,0,0,1,0,0,1,0,0,1,1,0,1,0,0
Ncl064.jpg,1,0,0,1,0,1,0,0,0,0,1,1,0,1,0,0
Ncl069.jpg,0,1,0,1,0,0,1,0,1,0,0,1,0,0,1,0
Ncl076.jpg,1,0,0,1,0,0,0,1,0,0,1,1,0,1,0,0
Ncl079.jpg,1,0,0,1,0,0,1,0,0,0,1,0,1,1,0,0
Ncl083.jpg,1,0,0,0,1,0,1,0,0,0,1,1,0,1,0,0
Ncl085.jpg,1,0,0,1,0,0,1,0,0,1,0,1,0,1,0,0
Ndl009.jpg,1,0,0,1,0,1,0,0,0,0,1,1,0,1,0,0
Ndl012.jpg,1,0,0,1,0,1,0,0,1,0,0,0,1,0,0,1
ndl013.jpg,1,0,0,1,0,0,1,0,0,0,1,0,1,1,0,0
Ndl018.jpg,1,0,0,0,1,0,1,0,0,0,1,1,0,1,0,0
Ndl021.jpg,1,0,0,0,1,1,0,0,0,0,1,0,1,1,0,0
Ndl022.jpg,1,0,0,0,1,0,1,0,0,0,1,1,0,1,0,0
Ndl025.jpg,1,0,0,1,0,1,0,0,1,0,0,0,1,1,0,0
Ndl027.jpg,1,0,0,0,1,0,1,0,0,0,1,0,1,1,0,0
Ndl028.jpg,0,1,0,1,0,1,0,0,1,0,0,0,1,1,0,0
Ndl031.jpg,1,0,0,1,0,1,0,0,0,1,0,1,0,1,0,0
Ndl033.jpg,1,0,1,0,0,1,0,0,0,0,1,1,0,0,0,1
Ndl035.jpg,1,0,0,0,1,1,0,0,0,0,1,1,0,1,0,0
Ndl037.jpg,1,0,0,0,1,1,0,0,0,0,1,1,0,1,0,0
Ndl039.jpg,1,0,0,0,1,0,0,1,0,0,1,1,0,1,0,0
Ndl040.jpg,0,1,0,1,0,0,1,0,1,0,0,1,0,1,0,0
Nfl032.jpg,1,0,0,0,1,1,0,0,1,0,0,1,0,0,0,1
Nfl052.jpg,1,0,1,0,0,1,0,0,1,0,0,0,1,1,0,0
Ngl023.jpg,1,0,0,0,1,1,0,0,0,0,1,0,1,1,0,0
Ngl043.jpg,1,0,0,0,1,0,0,1,1,0,0,1,0,0,0,1
Ngl049.jpg,1,0,0,1,0,1,0,0,0,1,0,1,0,1,0,0
Ngl053.jpg,1,0,0,0,1,1,0,0,0,0,1,1,0,0,0,1
Ngl074.jpg,1,0,0,1,0,1,0,0,0,1,0,0,1,0,1,0
Ngl076.jpg,1,0,0,0,1,1,0,0,0,0,1,0,1,1,0,0
Ngl092.jpg,1,0,0,1,0,0,1,0,0,0,1,1,0,0,1,0
Ngl094.jpg,1,0,0,1,0,1,0,0,0,1,0,1,0,0,1,0
Ngl096.jpg,1,0,0,1,0,1,0,0,0,0,1,1,0,0,1,0
Nhl013.jpg,1,0,0,1,0,1,0,0,0,1,0,1,0,0,1,0
Nhl015.jpg,1,0,0,1,0,1,0,0,1,0,0,0,1,1,0,0
Nil002.jpg,1,0,0,0,1,1,0,0,0,0,1,0,1,0,1,0
Nil006.jpg,1,0,1,0,0,1,0,0,1,0,0,1,0,0,0,1
Nil008.jpg,1,0,0,1,0,1,0,0,0,1,0,1,0,0,1,0
Nil010.jpg,1,0,0,0,1,1,0,0,0,0,1,0,1,1,0,0
Nil021.jpg,1,0,1,0,0,1,0,0,0,0,1,0,1,0,0,1
Nil025.jpg,1,0,0,1,0,1,0,0,0,1,0,0,1,0,1,0
Nil027.jpg,1,0,0,0,1,0,1,0,0,0,1,0,1,1,0,0
Nil033.jpg,0,1,0,0,1,1,0,0,0,0,1,1,0,1,0,0
Nil035.jpg,1,0,0,1,0,1,0,0,1,0,0,0,1,1,0,0
Nil037.jpg,1,0,0,1,0,1,0,0,0,1,0,0,1,1,0,0
Nil043.jpg,1,0,0,1,0,1,0,0,1,0,0,1,0,0,0,1
Nil045.jpg,1,0,0,1,0,1,0,0,0,0,1,0,1,1,0,0
Nil048.jpg,1,0,1,0,0,0,1,0,1,0,0,1,0,0,1,0
Nil052.jpg,1,0,0,0,1,1,0,0,0,0,1,0,1,1,0,0
Nil054.jpg,1,0,0,1,0,1,0,0,0,0,1,1,0,0,1,0
Nil056.jpg,1,0,1,0,0,1,0,0,0,0,1,0,1,0,1,0
Nil060.jpg,1,0,0,1,0,1,0,0,0,0,1,0,1,1,0,0
Nll016.jpg,1,0,0,1,0,1,0,0,0,0,1,1,0,1,0,0
Nll018.jpg,1,0,1,0,0,1,0,0,0,0,1,1,0,1,0,0
Nll020.jpg,1,0,0,0,1,1,0,0,0,0,1,1,0,1,0,0
nll022.jpg,1,0,0,0,1,1,0,0,0,1,0,1,0,1,0,0
nll026.jpg,1,0,0,0,1,0,0,1,0,0,1,1,0,1,0,0
Nll030.jpg,1,0,0,0,1,1,0,0,1,0,0,1,0,0,0,1
nll032.jpg,1,0,0,0,1,1,0,0,1,0,0,1,0,0,0,1
NLL034.JPG,1,0,1,0,0,1,0,0,1,0,0,1,0,0,0,1
Nll042.jpg,1,0,0,0,1,1,0,0,1,0,0,1,0,1,0,0
Nll046.jpg,1,0,0,0,1,1,0,0,1,0,0,1,0,1,0,0
Nll060.jpg,1,0,0,0,1,0,0,1,1,0,0,1,0,1,0,0
Nll062.jpg,1,0,0,0,1,1,0,0,0,0,1,1,0,1,0,0
NLL067.JPG,1,0,1,0,0,0,0,1,0,0,1,1,0,1,0,0
Nll069.jpg,1,0,0,0,1,0,0,1,0,0,1,1,0,0,0,1
Nll072.jpg,1,0,0,0,1,1,0,0,0,0,1,1,0,1,0,0
Nll076.jpg,1,0,0,0,1,1,0,0,0,0,1,1,0,1,0,0
Nll084.jpg,1,0,0,1,0,1,0,0,1,0,0,0,1,1,0,0
Nll094.jpg,1,0,0,0,1,1,0,0,0,0,1,0,1,1,0,0
Nll098.jpg,1,0,0,0,1,1,0,0,0,0,1,0,1,1,0,0
Nll102.jpg,1,0,0,0,1,1,0,0,0,0,1,1,0,1,0,0
Nll104.jpg,1,0,0,1,0,0,1,0,0,0,1,1,0,1,0,0
Nll106.jpg,1,0,0,1,0,1,0,0,0,0,1,1,0,1,0,0
Nml002.jpg,1,0,0,0,1,1,0,0,0,0,1,1,0,1,0,0
Nml006.jpg,1,0,0,0,1,1,0,0,0,0,1,1,0,1,0,0
Nml008.jpg,1,0,0,1,0,1,0,0,0,0,1,0,1,1,0,0
Nml014.jpg,1,0,1,0,0,1,0,0,0,0,1,1,0,1,0,0
Nml018.jpg,1,0,0,0,1,1,0,0,0,0,1,0,1,1,0,0
Nml030.jpg,1,0,0,0,1,1,0,0,0,0,1,0,1,1,0,0
Nml034.jpg,1,0,1,0,0,0,1,0,0,0,1,1,0,1,0,0
Nml085.jpg,1,0,0,0,1,1,0,0,0,0,1,0,1,1,0,0
Adl381.jpg,1,0,0,0,1,1,0,0,0,0,1,1,0,1,0,0
Adl387.jpg,1,0,0,0,1,1,0,0,0,1,0,1,0,1,0,0
Abl101.jpg,1,0,1,0,0,1,0,0,1,0,0,1,0,0,0,1
Abl108.jpg,1,0,1,0,0,1,0,0,1,0,0,0,1,0,1,0
Abl112.jpg,1,0,0,0,1,1,0,0,1,0,0,1,0,0,0,1
Abl116.jpg,1,0,0,0,1,1,0,0,1,0,0,1,0,0,0,1
Abl118.jpg,1,0,0,1,0,1,0,0,1,0,0,1,0,0,1,0
Abl121.jpg,1,0,0,0,1,1,0,0,1,0,0,1,0,0,0,1
Abl123.jpg,1,0,1,0,0,1,0,0,1,0,0,1,0,0,0,1
Abl127.jpg,1,0,0,0,1,1,0,0,1,0,0,0,1,1,0,0
Abl129.jpg,1,0,0,0,1,1,0,0,0,0,1,1,0,0,0,1
Acl201.jpg,1,0,1,0,0,1,0,0,1,0,0,1,0,0,0,1
Acl243.jpg,1,0,0,0,1,1,0,0,1,0,0,1,0,0,0,1
Acl245.jpg,1,0,0,0,1,1,0,0,1,0,0,1,0,0,0,1
Acl247.jpg,1,0,0,0,1,1,0,0,1,0,0,1,0,0,0,1
Acl249.jpg,1,0,1,0,0,1,0,0,1,0,0,1,0,0,0,1
Acl251.jpg,1,0,0,1,0,1,0,0,1,0,0,1,0,0,1,0
Acl253.jpg,1,0,0,1,0,1,0,0,1,0,0,1,0,0,1,0
Acl264.jpg,1,0,0,1,0,1,0,0,1,0,0,1,0,0,0,1
Adl333.jpg,1,0,0,0,1,1,0,0,1,0,0,1,0,0,0,1
Adl344.jpg,1,0,0,1,0,1,0,0,0,1,0,0,1,0,1,0
Adl375.jpg,1,0,0,0,1,1,0,0,1,0,0,0,1,0,0,1
Aal044.jpg,1,0,1,0,0,1,0,0,1,0,0,1,0,0,0,1
Aal046.jpg,1,0,0,0,1,1,0,0,0,0,1,1,0,1,0,0
Aal048.jpg,1,0,1,0,0,1,0,0,1,0,0,1,0,0,1,0
Aal052.jpg,1,0,1,0,0,0,1,0,1,0,0,1,0,0,1,0
Aal056.jpg,1,0,0,0,1,1,0,0,1,0,0,1,0,0,0,1
Aal062.jpg,1,0,0,1,0,0,0,1,1,0,0,1,0,0,0,1
Aal064.jpg,1,0,0,1,0,1,0,0,1,0,0,1,0,0,1,0
Aal066.jpg,1,0,0,1,0,0,1,0,1,0,0,1,0,0,1,0
Aal078.jpg,1,0,0,1,0,1,0,0,1,0,0,1,0,0,1,0
Aal086.jpg,1,0,0,1,0,1,0,0,1,0,0,1,0,0,1,0
Aal088.jpg,1,0,0,1,0,1,0,0,1,0,0,1,0,0,1,0
Aal090.jpg,1,0,1,0,0,1,0,0,1,0,0,1,0,0,0,1
Aal094.jpg,1,0,1,0,0,1,0,0,1,0,0,1,0,0,0,1
Aal096.jpg,1,0,1,0,0,1,0,0,1,0,0,1,0,0,0,1
Aal099bis.jpg,1,0,0,0,1,1,0,0,1,0,0,1,0,0,0,1
Ael477.jpg,1,0,0,1,0,0,1,0,0,0,1,1,0,1,0,0
Abl135.jpg,1,0,0,0,1,1,0,0,1,0,0,1,0,1,0,0
Abl137.jpg,1,0,0,0,1,0,0,1,1,0,0,1,0,1,0,0
Abl139.jpg,1,0,0,0,1,1,0,0,0,0,1,0,1,1,0,0
Abl141.jpg,1,0,1,0,0,0,0,1,0,0,1,1,0,1,0,0
Abl191.jpg,1,0,0,1,0,1,0,0,0,0,1,1,0,1,0,0
Acl219.jpg,1,0,0,1,0,0,1,0,0,0,1,1,0,1,0,0
Acl223.jpg,1,0,0,0,1,1,0,0,0,0,1,1,0,1,0,0
Acl281.jpg,1,0,0,0,1,1,0,0,0,0,1,1,0,1,0,0
Acl283.jpg,1,0,0,0,1,0,0,1,1,0,0,1,0,1,0,0
Acl287.jpg,1,0,0,1,0,1,0,0,0,0,1,1,0,1,0,0
Adl319.jpg,1,0,0,0,1,1,0,0,1,0,0,0,1,0,1,0
Adl391.jpg,1,0,1,0,0,0,1,0,0,0,1,1,0,0,0,1
Ael435.jpg,1,0,1,0,0,1,0,0,0,0,1,1,0,1,0,0
Ael448.jpg,1,0,0,0,1,1,0,0,0,0,1,1,0,1,0,0
Ael481.jpg,1,0,0,0,1,1,0,0,0,0,1,1,0,1,0,0
Adl362.jpg,1,0,0,0,1,0,0,1,1,0,0,1,0,0,0,1
Aal010.jpg,1,0,0,0,1,0,1,0,0,0,1,1,0,0,1,0
Aal012.jpg,1,0,1,0,0,1,0,0,0,0,1,0,1,1,0,0
Abl143.jpg,1,0,0,0,1,1,0,0,0,1,0,1,0,1,0,0
Abl145.jpg,1,0,0,0,1,0,1,0,0,0,1,1,0,1,0,0
Abl151.jpg,1,0,0,0,1,1,0,0,0,1,0,1,0,1,0,0
Abl153.jpg,1,0,0,0,1,1,0,0,0,0,1,1,0,1,0,0
Abl155.jpg,1,0,1,0,0,1,0,0,0,1,0,1,0,1,0,0
Abl147.jpg,1,0,0,0,1,0,1,0,0,1,0,1,0,0,1,0
Abl157.jpg,1,0,0,1,0,1,0,0,0,0,1,0,1,1,0,0
Abl161.jpg,1,0,1,0,0,1,0,0,0,0,1,0,1,1,0,0
Abl163.jpg,1,0,0,0,1,1,0,0,0,0,1,1,0,1,0,0
Abl165.jpg,1,0,0,1,0,1,0,0,0,0,1,0,1,1,0,0
Abl167.jpg,1,0,0,1,0,1,0,0,0,0,1,1,0,1,0,0
Abl168.jpg,1,0,0,1,0,1,0,0,0,1,0,0,1,1,0,0
Abl171.jpg,1,0,0,0,1,1,0,0,0,0,1,1,0,1,0,0
Abl175.jpg,1,0,0,1,0,1,0,0,0,0,1,1,0,1,0,0
Abl177.jpg,1,0,0,0,1,1,0,0,0,0,1,1,0,1,0,0
Abl179.jpg,1,0,0,1,0,1,0,0,0,0,1,1,0,1,0,0
Abl185.jpg,1,0,0,0,1,1,0,0,0,1,0,0,1,1,0,0
Abl195.jpg,1,0,0,0,1,1,0,0,0,0,1,0,1,1,0,0
Acl215.jpg,1,0,0,1,0,0,1,0,0,0,1,1,0,1,0,0
Acl217.jpg,1,0,0,1,0,0,1,0,0,0,1,1,0,1,0,0
Acl221.jpg,1,0,0,1,0,1,0,0,0,0,1,0,1,1,0,0
Acl235.jpg,1,0,1,0,0,1,0,0,0,1,0,1,0,1,0,0
Acl239.jpg,1,0,0,1,0,0,1,0,0,0,1,1,0,1,0,0
Acl241.jpg,1,0,1,0,0,1,0,0,0,0,1,1,0,1,0,0
Acl259.jpg,1,0,0,0,1,1,0,0,0,0,1,1,0,1,0,0
Acl271.jpg,1,0,0,0,1,1,0,0,0,0,1,1,0,1,0,0
Acl279.jpg,1,0,0,1,0,1,0,0,0,0,1,1,0,1,0,0
Acl299.jpg,1,0,0,0,1,1,0,0,0,1,0,1,0,1,0,0
Aal004.jpg,1,0,0,0,1,0,1,0,0,0,1,1,0,0,1,0
Adl311.jpg,1,0,0,0,1,1,0,0,0,0,1,1,0,1,0,0
Adl321.jpg,1,0,1,0,0,1,0,0,0,0,1,1,0,1,0,0
Adl329.jpg,1,0,0,0,1,1,0,0,0,0,1,1,0,1,0,0
Adl335.jpg,1,0,0,1,0,0,1,0,0,0,1,1,0,0,1,0
Adl340.jpg,1,0,0,0,1,1,0,0,0,1,0,1,0,1,0,0
Adl346.jpg,1,0,0,1,0,1,0,0,0,0,1,0,1,0,1,0
Adl348.jpg,1,0,0,0,1,1,0,0,0,0,1,1,0,1,0,0
Adl350.jpg,1,0,0,0,1,1,0,0,0,0,1,0,1,1,0,0
Adl356.jpg,0,1,0,0,1,0,0,1,0,0,1,1,0,1,0,0
Adl366.jpg,1,0,0,0,1,1,0,0,0,1,0,1,0,1,0,0
Adl371.jpg,1,0,0,0,1,1,0,0,0,0,1,1,0,1,0,0
Ael413.jpg,1,0,0,0,1,1,0,0,0,0,1,1,0,1,0,0
Ael419.jpg,1,0,0,1,0,0,1,0,0,0,1,1,0,1,0,0
Ael425.jpg,1,0,0,0,1,1,0,0,0,0,1,1,0,1,0,0
Ael431.jpg,1,0,0,0,1,1,0,0,0,1,0,1,0,1,0,0
Ael433.jpg,1,0,0,0,1,1,0,0,0,0,1,1,0,1,0,0
Ael452.jpg,1,0,0,0,1,0,1,0,0,1,0,1,0,1,0,0
Ael467.jpg,1,0,0,0,1,1,0,0,0,0,1,1,0,1,0,0
Ael471.jpg,1,0,1,0,0,1,0,0,0,0,1,1,0,1,0,0
Aal006.jpg,1,0,0,0,1,0,1,0,0,0,1,0,1,1,0,0
Ael517.jpg,1,0,0,1,0,0,1,0,0,0,1,1,0,0,0,1
Ael523.jpg,1,0,0,1,0,1,0,0,0,0,1,1,0,0,1,0
Ael525.jpg,1,0,0,0,1,1,0,0,0,0,1,1,0,1,0,0
Aal008.jpg,1,0,0,0,1,0,1,0,0,0,1,0,1,1,0,0
gzl56.jpg,1,0,0,0,1,0,0,1,0,0,1,1,0,1,0,0
gzl08.jpg,1,0,0,0,1,1,0,0,0,0,1,1,0,1,0,0
gzl62.jpg,1,0,0,0,1,1,0,0,0,0,1,1,0,1,0,0
gzl66.jpg,1,0,0,0,1,1,0,0,0,0,1,0,1,1,0,0
gzl22.jpg,1,0,0,0,1,0,1,0,1,0,0,1,0,1,0,0
gzl70.jpg,1,0,0,0,1,1,0,0,1,0,0,0,1,1,0,0
gzl10.jpg,1,0,0,0,1,1,0,0,0,0,1,1,0,1,0,0
gzl80.jpg,1,0,1,0,0,1,0,0,0,0,1,1,0,1,0,0
gzl84.jpg,1,0,0,0,1,0,0,1,0,0,1,1,0,1,0,0
gzl86.jpg,1,0,0,1,0,1,0,0,0,1,0,1,0,1,0,0
gzl32.jpg,1,0,0,0,1,1,0,0,0,0,1,1,0,1,0,0
gzl34.jpg,1,0,0,0,1,1,0,0,0,0,1,1,0,1,0,0
gzl36.jpg,1,0,0,0,1,0,0,1,1,0,0,1,0,1,0,0
gzl54.jpg,1,0,0,0,1,1,0,0,0,0,1,1,0,1,0,0
Gal232.jpg,1,0,0,0,1,1,0,0,1,0,0,1,0,1,0,0
Gal010.jpg,1,0,0,0,1,0,0,1,1,0,0,0,1,1,0,0
Gal016.jpg,1,0,0,1,0,1,0,0,0,1,0,0,1,0,1,0
Gal025.jpg,1,0,0,0,1,1,0,0,0,1,0,1,0,1,0,0
Gal045.jpg,1,0,0,0,1,0,0,1,0,0,1,1,0,1,0,0
Gal047.jpg,1,0,0,0,1,1,0,0,0,0,1,0,1,1,0,0
Gal049.jpg,1,0,0,0,1,0,0,1,0,0,1,1,0,1,0,0
Gal043.jpg,1,0,0,0,1,1,0,0,0,0,1,1,0,1,0,0
Gal006.jpg,1,0,0,0,1,1,0,0,0,0,1,1,0,1,0,0
Gal058.jpg,1,0,0,0,1,1,0,0,0,0,1,1,0,1,0,0
Gal230.jpg,1,0,1,0,0,0,1,0,0,0,1,1,0,0,0,1
Gal152.jpg,1,0,0,1,0,0,1,0,0,0,1,1,0,0,0,1
Fal020.jpg,1,0,0,0,1,0,1,0,0,0,1,1,0,1,0,0
Fal024.jpg,1,0,0,0,1,1,0,0,0,0,1,1,0,1,0,0
FAL036.JPG,1,0,1,0,0,0,0,1,0,0,1,1,0,1,0,0
FAL038.JPG,1,0,0,0,1,0,0,1,0,0,1,1,0,1,0,0
FAL042.JPG,1,0,1,0,0,0,0,1,0,0,1,1,0,1,0,0
FAL044.JPG,1,0,0,1,0,0,1,0,0,0,1,1,0,1,0,0
Fal050.jpg,1,0,0,0,1,0,1,0,0,0,1,1,0,1,0,0
FAL054.JPG,1,0,0,1,0,0,1,0,0,0,1,1,0,1,0,0
Fal064.jpg,1,0,0,0,1,1,0,0,0,0,1,1,0,1,0,0
Fal072.jpg,1,0,0,1,0,1,0,0,0,0,1,0,1,1,0,0
Fal090.jpg,1,0,1,0,0,0,1,0,0,0,1,1,0,1,0,0
Fal100.jpg,1,0,0,0,1,0,1,0,0,0,1,1,0,1,0,0
Fbl002.jpg,1,0,0,0,1,1,0,0,0,0,1,1,0,1,0,0
Fbl004.jpg,1,0,0,1,0,1,0,0,0,0,1,0,1,1,0,0
Fbl006.jpg,1,0,0,0,1,1,0,0,0,0,1,1,0,1,0,0
Fbl010.jpg,1,0,0,0,1,1,0,0,0,0,1,1,0,1,0,0
FBL012.JPG,1,0,0,1,0,0,1,0,0,0,1,1,0,1,0,0
Fll019.jpg,1,0,0,0,1,0,1,0,0,0,1,1,0,1,0,0
Fll021.jpg,1,0,0,0,1,0,1,0,0,0,1,1,0,0,0,1
Fbl022.jpg,1,0,1,0,0,1,0,0,0,1,0,1,0,0,1,0
Fbl024.jpg,1,0,0,0,1,1,0,0,0,0,1,1,0,1,0,0
Fll023.jpg,1,0,0,1,0,0,1,0,0,0,1,1,0,1,0,0
Fbl036.jpg,1,0,0,0,1,1,0,0,0,0,1,1,0,1,0,0
Fbl038.jpg,1,0,0,0,1,1,0,0,0,0,1,1,0,1,0,0
Fbl044.jpg,1,0,0,1,0,1,0,0,0,0,1,1,0,1,0,0
Fbl048.jpg,1,0,0,0,1,1,0,0,1,0,0,1,0,0,0,1
Fbl054.jpg,1,0,0,0,1,1,0,0,0,0,1,0,1,0,0,1
Fbl056.jpg,1,0,0,0,1,1,0,0,0,0,1,0,1,1,0,0
FBL062.JPG,1,0,0,1,0,0,1,0,1,0,0,1,0,0,0,1
Fbl064.jpg,1,0,0,0,1,0,1,0,0,0,1,1,0,0,0,1
Fbl068.jpg,1,0,0,1,0,0,1,0,1,0,0,1,0,0,0,1
Fbl072.jpg,1,0,0,1,0,1,0,0,0,0,1,0,1,1,0,0
Fbl074.jpg,0,1,0,1,0,1,0,0,0,0,1,1,0,1,0,0
Fbl076.jpg,1,0,0,0,1,1,0,0,0,0,1,0,1,1,0,0
Fbl080.jpg,1,0,0,1,0,1,0,0,0,0,1,0,1,1,0,0
Fbl088.jpg,0,1,0,0,1,1,0,0,1,0,0,1,0,0,0,1
Fbl090.jpg,1,0,0,0,1,1,0,0,0,0,1,0,1,1,0,0
Fbl092.jpg,1,0,0,1,0,0,1,0,0,1,0,1,0,1,0,0
Fbl094.jpg,1,0,0,0,1,1,0,0,0,0,1,1,0,1,0,0
Fbl098.jpg,1,0,0,1,0,0,1,0,0,0,1,1,0,1,0,0
Fll035.jpg,1,0,1,0,0,0,0,1,0,0,1,1,0,1,0,0
Fll037.jpg,1,0,0,0,1,0,0,1,0,0,1,1,0,1,0,0
Fll039.jpg,1,0,0,1,0,1,0,0,0,0,1,1,0,1,0,0
Fcl010.jpg,1,0,0,0,1,0,1,0,1,0,0,1,0,0,0,1
Fcl012.jpg,1,0,0,0,1,0,1,0,1,0,0,1,0,0,1,0
Fcl014.jpg,1,0,0,0,1,1,0,0,1,0,0,1,0,1,0,0
FCL018.JPG,1,0,0,0,1,0,0,1,0,0,1,1,0,1,0,0
Fll041.jpg,1,0,0,0,1,0,1,0,0,1,0,0,1,1,0,0
Fcl024.jpg,1,0,0,0,1,1,0,0,0,0,1,1,0,1,0,0
Fcl028.jpg,1,0,0,1,0,1,0,0,0,1,0,0,1,1,0,0
Fcl030.jpg,1,0,0,0,1,1,0,0,0,0,1,1,0,1,0,0
Fcl032.jpg,1,0,0,0,1,1,0,0,0,0,1,0,1,1,0,0
Fcl034.jpg,1,0,0,0,1,1,0,0,0,0,1,1,0,1,0,0
Fcl036.jpg,1,0,0,1,0,0,1,0,0,0,1,1,0,0,1,0
Fcl038.jpg,1,0,0,1,0,1,0,0,1,0,0,0,1,1,0,0
Fll043.jpg,1,0,0,0,1,0,0,1,0,0,1,1,0,1,0,0
Fcl048.jpg,1,0,0,0,1,1,0,0,0,0,1,0,1,1,0,0
Fcl050.jpg,1,0,0,0,1,1,0,0,0,1,0,1,0,0,1,0
FCL052.JPG,1,0,0,0,1,0,1,0,0,0,1,0,1,1,0,0
FCL066.JPG,1,0,0,1,0,0,1,0,0,0,1,0,1,1,0,0
Fcl070.jpg,1,0,0,0,1,0,0,1,0,0,1,1,0,0,0,1
Fcl076.jpg,1,0,0,0,1,1,0,0,0,0,1,0,1,1,0,0
Fcl080.jpg,1,0,0,1,0,1,0,0,0,0,1,0,1,1,0,0
Fcl090.jpg,1,0,0,0,1,1,0,0,0,0,1,1,0,1,0,0
Fcl094.jpg,1,0,0,1,0,1,0,0,0,0,1,1,0,1,0,0
Fcl096.jpg,1,0,0,1,0,1,0,0,0,0,1,0,1,1,0,0
Fcl098.jpg,1,0,0,1,0,1,0,0,0,0,1,0,1,1,0,0
Fel002.jpg,1,0,0,0,1,1,0,0,0,0,1,1,0,0,0,1
Fel016.jpg,1,0,0,0,1,1,0,0,0,0,1,1,0,0,1,0
Fel018.jpg,0,1,0,0,1,1,0,0,0,0,1,1,0,0,1,0
Fel024.jpg,1,0,0,0,1,1,0,0,0,0,1,1,0,1,0,0
Fel030.jpg,0,1,0,1,0,1,0,0,1,0,0,1,0,0,1,0
Fel034.jpg,1,0,0,0,1,1,0,0,0,1,0,0,1,1,0,0
Fel052.jpg,1,0,0,0,1,1,0,0,0,0,1,1,0,1,0,0
Fel064.jpg,1,0,0,0,1,0,0,1,0,0,1,1,0,1,0,0
Fel068.jpg,1,0,0,0,1,0,0,1,0,0,1,1,0,1,0,0
Fel070.jpg,1,0,0,0,1,1,0,0,0,0,1,0,1,1,0,0
Fel072.jpg,1,0,0,1,0,0,1,0,0,0,1,1,0,1,0,0
Fel082.jpg,1,0,1,0,0,1,0,0,0,1,0,1,0,1,0,0
Fel084.jpg,1,0,1,0,0,1,0,0,0,1,0,1,0,0,1,0
Fel086.jpg,1,0,0,0,1,1,0,0,0,0,1,0,1,1,0,0
Fel088.jpg,1,0,0,0,1,1,0,0,0,1,0,0,1,0,1,0
Fel096.jpg,1,0,0,0,1,0,1,0,0,0,1,1,0,1,0,0
Fel100.jpg,1,0,0,0,1,1,0,0,1,0,0,1,0,1,0,0
FFL002.JPG,1,0,0,0,1,1,0,0,0,0,1,1,0,1,0,0
FFL004.JPG,1,0,0,0,1,1,0,0,0,1,0,1,0,1,0,0
FFL006.JPG,1,0,1,0,0,0,0,1,0,0,1,1,0,1,0,0
FFL008.JPG,1,0,1,0,0,0,0,1,0,0,1,1,0,1,0,0
Ffl010.jpg,1,0,0,0,1,1,0,0,0,0,1,1,0,1,0,0
Ffl014.jpg,1,0,0,0,1,1,0,0,1,0,0,0,1,1,0,0
Ffl016.jpg,1,0,1,0,0,1,0,0,0,0,1,1,0,1,0,0
FFL032.JPG,1,0,0,1,0,1,0,0,0,1,0,1,0,1,0,0
Ffl066.jpg,1,0,0,1,0,1,0,0,0,0,1,0,1,1,0,0
Ffl078.jpg,1,0,1,0,0,1,0,0,0,0,1,1,0,1,0,0
Ffl082.jpg,1,0,0,0,1,1,0,0,0,0,1,1,0,1,0,0
Ffl100.jpg,1,0,1,0,0,0,1,0,0,1,0,1,0,0,1,0
Fdl002.jpg,1,0,0,0,1,1,0,0,0,0,1,1,0,1,0,0
Fdl020.jpg,1,0,0,1,0,1,0,0,0,0,1,0,1,1,0,0
Fll065.jpg,1,0,1,0,0,0,0,1,0,0,1,1,0,0,0,1
Fdl028.jpg,1,0,0,1,0,1,0,0,0,0,1,0,1,1,0,0
Fdl030.jpg,1,0,0,0,1,1,0,0,0,0,1,0,1,1,0,0
Fdl054.jpg,1,0,1,0,0,0,1,0,1,0,0,1,0,0,1,0
Fll083.jpg,1,0,0,0,1,0,1,0,0,0,1,1,0,1,0,0
Fgl002.jpg,1,0,0,0,1,1,0,0,0,0,1,1,0,1,0,0
Gcl073.jpg,1,0,0,0,1,1,0,0,0,0,1,0,1,1,0,0
Ggl024.jpg,1,0,0,0,1,1,0,0,0,0,1,1,0,1,0,0
Ggl052.jpg,1,0,0,0,1,1,0,0,0,1,0,1,0,0,1,0
Ggl060.jpg,1,0,0,0,1,1,0,0,1,0,0,1,0,1,0,0
Ggl062.jpg,1,0,0,1,0,0,1,0,0,0,1,0,1,0,1,0
Ggl034.jpg,1,0,0,0,1,1,0,0,0,1,0,0,1,0,1,0
Ggl074.jpg,1,0,0,1,0,1,0,0,0,1,0,1,0,0,1,0
Ggl076.jpg,1,0,0,0,1,1,0,0,0,0,1,1,0,1,0,0
Ggl078.jpg,1,0,0,0,1,1,0,0,0,0,1,0,1,1,0,0
Ggl088.jpg,1,0,0,1,0,0,0,1,0,0,1,1,0,1,0,0
Fgl036.jpg,1,0,1,0,0,0,0,1,0,0,1,1,0,1,0,0
Fgl008.jpg,1,0,0,0,1,1,0,0,0,1,0,1,0,1,0,0
Fgl010.jpg,1,0,1,0,0,1,0,0,0,0,1,1,0,1,0,0
Fgl012.jpg,1,0,0,0,1,1,0,0,0,0,1,1,0,1,0,0
Fgl014.jpg,1,0,0,0,1,1,0,0,0,0,1,1,0,1,0,0
Fll087.jpg,1,0,0,1,0,0,1,0,0,1,0,1,0,1,0,0
Fgl005.jpg,1,0,0,0,1,1,0,0,0,0,1,1,0,1,0,0
Fll091.jpg,1,0,0,1,0,1,0,0,0,1,0,1,0,1,0,0
Fgl042.jpg,1,0,0,0,1,1,0,0,0,0,1,1,0,1,0,0
Fgl047.jpg,1,0,0,1,0,0,1,0,0,0,1,0,1,1,0,0
Fgl051.jpg,1,0,0,0,1,1,0,0,0,0,1,1,0,1,0,0
Fgl055.jpg,1,0,0,1,0,1,0,0,0,0,1,1,0,1,0,0
Fgl068.jpg,1,0,1,0,0,0,1,0,0,1,0,1,0,0,1,0
Fgl072.jpg,1,0,0,1,0,0,1,0,0,1,0,1,0,1,0,0
Fgl078.jpg,1,0,0,1,0,0,1,0,0,0,1,1,0,1,0,0
Fhl030.jpg,1,0,0,1,0,1,0,0,0,0,1,0,1,0,1,0
Fhl032.jpg,1,0,0,1,0,1,0,0,0,0,1,1,0,1,0,0
Fhl034.jpg,1,0,0,1,0,1,0,0,0,0,1,0,1,1,0,0
Fhl038.jpg,1,0,0,1,0,0,1,0,0,0,1,1,0,0,0,1
Fhl040.jpg,1,0,0,1,0,1,0,0,1,0,0,0,1,1,0,0
Fhl042.jpg,1,0,0,0,1,1,0,0,0,0,1,0,1,1,0,0
Fhl064.jpg,1,0,0,0,1,1,0,0,0,0,1,1,0,1,0,0
Fhl066.jpg,1,0,0,0,1,1,0,0,0,0,1,1,0,1,0,0
Fhl070.jpg,1,0,0,0,1,1,0,0,0,0,1,1,0,1,0,0
Fhl072.jpg,1,0,0,0,1,1,0,0,0,0,1,1,0,1,0,0
Fhl074.jpg,1,0,0,0,1,1,0,0,0,0,1,1,0,1,0,0
Fhl076.jpg,1,0,0,0,1,1,0,0,0,0,1,1,0,1,0,0
Fhl078.jpg,1,0,0,0,1,1,0,0,0,0,1,1,0,1,0,0
Fhl080.jpg,1,0,1,0,0,1,0,0,0,0,1,1,0,1,0,0
Fhl082.jpg,1,0,0,0,1,1,0,0,1,0,0,0,1,1,0,0
Fhl084.jpg,1,0,0,0,1,1,0,0,0,0,1,1,0,1,0,0
Fhl086.jpg,1,0,0,0,1,1,0,0,0,0,1,1,0,1,0,0
Fhl088.jpg,1,0,0,1,0,1,0,0,0,0,1,1,0,1,0,0
Fhl090.jpg,1,0,0,0,1,1,0,0,0,0,1,0,1,1,0,0
Fhl092.jpg,1,0,0,0,1,1,0,0,0,0,1,1,0,1,0,0
Fhl094.jpg,1,0,0,0,1,1,0,0,0,0,1,1,0,1,0,0
Fhl096.jpg,1,0,0,1,0,1,0,0,0,0,1,1,0,1,0,0
Fhl098.jpg,1,0,0,0,1,1,0,0,0,0,1,1,0,1,0,0
Fhl100.jpg,1,0,0,0,1,1,0,0,0,0,1,1,0,1,0,0
Fll142.jpg,1,0,1,0,0,1,0,0,0,0,1,1,0,1,0,0
Fil062.jpg,0,1,0,0,1,1,0,0,0,1,0,1,0,1,0,0
Fml010.jpg,1,0,0,1,0,1,0,0,0,1,0,0,1,1,0,0
Fml020.jpg,1,0,0,1,0,1,0,0,0,0,1,0,1,1,0,0
Fil088.jpg,1,0,1,0,0,0,1,0,0,0,1,1,0,1,0,0
Fil094.jpg,1,0,0,0,1,1,0,0,1,0,0,1,0,0,1,0
Nml067.jpg,1,0,0,0,1,1,0,0,1,0,0,1,0,1,0,0
Nll024.jpg,1,0,0,0,1,1,0,0,0,0,1,0,1,1,0,0
Nel012.jpg,0,1,0,1,0,1,0,0,0,0,1,1,0,1,0,0
Nfl034.jpg,0,1,0,0,1,1,0,0,1,0,0,1,0,1,0,0
Ngl086.jpg,0,1,0,0,1,1,0,0,1,0,0,1,0,1,0,0
Ngl098.jpg,0,1,0,0,1,1,0,0,1,0,0,1,0,1,0,0
Nml045.jpg,1,0,1,0,0,0,0,1,1,0,0,1,0,1,0,0
Nml047.jpg,0,1,0,0,1,1,0,0,1,0,0,1,0,1,0,0
Acl285.jpg,0,1,0,1,0,1,0,0,0,0,1,1,0,1,0,0
Gal216.jpg,0,1,0,1,0,0,1,0,1,0,0,1,0,1,0,0
Gal218.jpg,0,1,0,1,0,1,0,0,1,0,0,1,0,0,1,0
FAL022.JPG,0,1,0,0,1,0,0,1,0,0,1,1,0,1,0,0
Fdl062.jpg,0,1,0,0,1,0,0,1,1,0,0,1,0,1,0,0
Gdl100.jpg,0,1,0,0,1,1,0,0,0,0,1,0,1,1,0,0
Ggl090.jpg,0,1,1,0,0,1,0,0,0,0,1,1,0,1,0,0
Ncl027.jpg,1,0,0,1,0,1,0,0,0,0,1,0,1,1,0,0
Ncl071.jpg,1,0,0,0,1,1,0,0,0,0,1,1,0,1,0,0
Ncl100.jpg,1,0,0,0,1,1,0,0,0,0,1,0,1,1,0,0
Nel008.jpg,1,0,0,1,0,0,1,0,0,0,1,1,0,1,0,0
Nel010.jpg,1,0,0,1,0,1,0,0,1,0,0,1,0,1,0,0
Nfl036.jpg,1,0,1,0,0,1,0,0,0,0,1,1,0,1,0,0
Nml039.jpg,1,0,0,0,1,1,0,0,1,0,0,1,0,1,0,0
Abl193.jpg,1,0,0,1,0,0,1,0,0,0,1,1,0,1,0,0
Adl377.jpg,1,0,0,1,0,1,0,0,0,1,0,1,0,1,0,0
Ael475.jpg,1,0,0,0,1,0,1,0,0,0,1,1,0,1,0,0
Abl183.jpg,1,0,0,0,1,1,0,0,0,0,1,1,0,0,0,1
Gal062.jpg,1,0,0,1,0,1,0,0,0,0,1,0,1,1,0,0
Ffl062.jpg,1,0,0,0,1,0,0,1,0,0,1,1,0,1,0,0
Ffl096.jpg,1,0,0,0,1,1,0,0,0,1,0,0,1,1,0,0
FDL016.JPG,1,0,0,0,1,0,1,0,1,0,0,1,0,1,0,0
FDL022.JPG,1,0,0,0,1,0,0,1,1,0,0,1,0,1,0,0
Ggl002.jpg,1,0,0,0,1,0,0,1,1,0,0,1,0,1,0,0
Nbl080.jpg,1,0,0,0,1,1,0,0,1,0,0,1,0,1,0,0
Nel005.jpg,1,0,0,0,1,1,0,0,1,0,0,1,0,1,0,0
Nfl042.jpg,1,0,0,0,1,1,0,0,1,0,0,1,0,1,0,0
Nfl044.jpg,1,0,0,1,0,1,0,0,1,0,0,1,0,1,0,0
Nll038.jpg,1,0,1,0,0,1,0,0,0,0,1,1,0,1,0,0
Nll040.jpg,1,0,1,0,0,1,0,0,0,0,1,1,0,1,0,0
Nll048.jpg,1,0,0,0,1,1,0,0,1,0,0,1,0,1,0,0
Nll050.jpg,1,0,0,0,1,1,0,0,1,0,0,1,0,1,0,0
NLL052.JPG,1,0,0,0,1,1,0,0,1,0,0,1,0,1,0,0
Nll056.jpg,1,0,0,0,1,1,0,0,1,0,0,1,0,1,0,0
Nll058.jpg,1,0,0,0,1,1,0,0,1,0,0,1,0,1,0,0
Nll088.jpg,1,0,0,0,1,1,0,0,1,0,0,1,0,1,0,0
NML032.JPG,1,0,0,0,1,1,0,0,1,0,0,1,0,1,0,0
Nml051.jpg,1,0,0,0,1,1,0,0,0,0,1,1,0,1,0,0
Nml063.jpg,1,0,0,0,1,1,0,0,1,0,0,1,0,1,0,0
Nml065.jpg,1,0,0,0,1,1,0,0,1,0,0,1,0,1,0,0
Abl189.jpg,1,0,0,1,0,1,0,0,1,0,0,1,0,1,0,0
Acl203.jpg,1,0,0,0,1,1,0,0,1,0,0,1,0,1,0,0
Acl263.jpg,1,0,0,0,1,1,0,0,1,0,0,1,0,1,0,0
Adl331.jpg,1,0,0,0,1,1,0,0,1,0,0,1,0,1,0,0
Adl337bis.jpg,1,0,0,1,0,0,1,0,1,0,0,1,0,1,0,0
Ael521.jpg,1,0,0,1,0,0,0,1,1,0,0,1,0,1,0,0
gzl68.jpg,1,0,0,0,1,0,1,0,0,1,0,1,0,1,0,0
gzl52.jpg,1,0,1,0,0,1,0,0,0,0,1,1,0,1,0,0
Gal033.jpg,1,0,0,0,1,1,0,0,1,0,0,1,0,1,0,0
Fbl030.jpg,0,1,0,1,0,1,0,0,1,0,0,1,0,1,0,0
Ffl042.jpg,1,0,0,0,1,1,0,0,1,0,0,0,1,0,1,0
Ggl008.jpg,1,0,1,0,0,0,0,1,1,0,0,1,0,1,0,0
Ggl042.jpg,1,0,1,0,0,1,0,0,1,0,0,1,0,1,0,0
Ggl044.jpg,1,0,0,0,1,0,1,0,1,0,0,1,0,1,0,0
Fgl035.jpg,1,0,0,0,1,1,0,0,1,0,0,1,0,1,0,0
Fgl020.jpg,1,0,0,0,1,1,0,0,1,0,0,1,0,1,0,0
Fll089.jpg,0,1,0,1,0,0,1,0,1,0,0,1,0,1,0,0
Nfl004.jpg,1,0,0,1,0,0,1,0,0,0,1,1,0,1,0,0
Aal014.jpg,1,0,1,0,0,1,0,0,1,0,0,1,0,1,0,0
Aal018.jpg,1,0,1,0,0,1,0,0,1,0,0,1,0,1,0,0
Aal020.jpg,1,0,0,1,0,1,0,0,1,0,0,1,0,1,0,0
Abl197.jpg,1,0,0,0,1,1,0,0,0,0,1,1,0,1,0,0
Acl209.jpg,1,0,0,1,0,0,1,0,0,0,1,1,0,1,0,0
Acl211.jpg,1,0,1,0,0,1,0,0,0,0,1,1,0,1,0,0
Aal024.jpg,1,0,0,1,0,1,0,0,0,0,1,1,0,1,0,0
Acl231.jpg,1,0,0,0,1,0,1,0,0,0,1,1,0,1,0,0
Acl233.jpg,1,0,0,1,0,1,0,0,0,0,1,1,0,1,0,0
Aal028.jpg,1,0,0,0,1,1,0,0,0,0,1,1,0,1,0,0
Aal030.jpg,1,0,1,0,0,1,0,0,0,0,1,1,0,1,0,0
Aal038.jpg,1,0,0,1,0,1,0,0,0,0,1,1,0,1,0,0
Adl373.jpg,1,0,0,1,0,0,1,0,0,0,1,1,0,1,0,0
Ael527.jpg,1,0,0,1,0,1,0,0,0,0,1,1,0,1,0,0
Gal226.jpg,1,0,0,1,0,1,0,0,0,0,1,0,1,1,0,0
Ggl048.jpg,1,0,0,0,1,1,0,0,0,0,1,1,0,1,0,0
Ggl056.jpg,1,0,0,0,1,1,0,0,0,0,1,1,0,1,0,0
Ggl084.jpg,1,0,1,0,0,1,0,0,0,0,1,1,0,1,0,0
Fhl044.jpg,1,0,1,0,0,1,0,0,1,0,0,1,0,1,0,0
Ndl089.jpg,1,0,1,0,0,1,0,0,0,0,1,1,0,1,0,0
Ndl100.jpg,1,0,1,0,0,1,0,0,0,0,1,1,0,1,0,0
Adl383.jpg,1,0,0,0,1,1,0,0,0,0,1,1,0,1,0,0
Adl385.jpg,1,0,0,1,0,1,0,0,0,0,1,1,0,1,0,0
Adl387bis.jpg,1,0,1,0,0,0,0,1,0,1,0,1,0,1,0,0
Ael415.jpg,1,0,0,0,1,0,0,1,0,0,1,1,0,1,0,0
gzl60.jpg,1,0,0,1,0,1,0,0,0,1,0,0,1,0,1,0
gzl48.jpg,1,0,1,0,0,1,0,0,0,0,1,1,0,1,0,0
Gal169.jpg,1,0,0,0,1,1,0,0,0,0,1,1,0,1,0,0
Gal171.jpg,1,0,0,1,0,1,0,0,0,0,1,1,0,1,0,0
Ggl070.jpg,1,0,1,0,0,1,0,0,0,0,1,1,0,1,0,0
Ggl072.jpg,1,0,0,0,1,1,0,0,0,0,1,1,0,1,0,0
Fhl018.jpg,1,0,1,0,0,1,0,0,0,1,0,1,0,1,0,0
Fil064.jpg,1,0,0,1,0,1,0,0,0,1,0,0,1,1,0,0
Fml026.jpg,1,0,1,0,0,1,0,0,0,1,0,1,0,1,0,0
newl006.jpg,1,0,0,0,1,1,0,0,0,0,1,1,0,1,0,0
newl008.jpg,1,0,0,0,1,1,0,0,0,0,1,1,0,1,0,0
newl010.jpg,1,0,1,0,0,1,0,0,0,1,0,1,0,1,0,0
newl012.jpg,1,0,0,1,0,0,0,1,0,1,0,1,0,0,1,0
newl018.jpg,1,0,0,0,1,0,0,1,0,0,1,1,0,1,0,0
newl020.jpg,1,0,1,0,0,0,0,1,0,0,1,1,0,1,0,0
newl022.jpg,1,0,1,0,0,1,0,0,0,0,1,1,0,1,0,0
newl024.jpg,1,0,1,0,0,0,0,1,0,0,1,1,0,1,0,0
newl026.jpg,1,0,1,0,0,0,0,1,0,0,1,1,0,1,0,0
Nal020.jpg,1,0,0,1,0,1,0,0,1,0,0,0,1,0,1,0
Nal022.jpg,0,1,0,1,0,0,1,0,0,1,0,1,0,0,1,0
Nal037.jpg,1,0,0,0,1,1,0,0,0,0,1,0,1,1,0,0
Nal044.jpg,1,0,0,1,0,1,0,0,0,1,0,1,0,1,0,0
Nal047.jpg,0,1,0,1,0,0,1,0,0,1,0,0,1,0,1,0
Nal066.jpg,1,0,0,1,0,0,1,0,1,0,0,0,1,0,1,0
Nal073.jpg,1,0,0,1,0,0,1,0,0,1,0,1,0,0,1,0
Nal075.jpg,1,0,0,1,0,0,1,0,0,1,0,0,1,1,0,0
Nal077.jpg,0,1,0,1,0,1,0,0,0,1,0,0,1,1,0,0
Nal080.jpg,1,0,0,1,0,1,0,0,0,1,0,0,1,1,0,0
Nal082.jpg,1,0,0,1,0,1,0,0,0,1,0,0,1,1,0,0
Nal084.jpg,1,0,0,1,0,0,1,0,0,0,1,1,0,0,0,1
Nal088.jpg,1,0,0,1,0,0,1,0,0,1,0,1,0,0,1,0
Nal090.jpg,1,0,0,1,0,0,1,0,0,1,0,1,0,0,1,0
Nal052.jpg,1,0,0,1,0,1,0,0,0,1,0,0,1,1,0,0
Nal099.jpg,1,0,0,1,0,0,1,0,0,1,0,0,1,0,1,0
Nbl001.jpg,1,0,0,1,0,1,0,0,0,1,0,0,1,1,0,0
Nbl007.jpg,1,0,0,1,0,1,0,0,0,1,0,0,1,1,0,0
Nbl010.jpg,1,0,0,1,0,0,1,0,0,1,0,0,1,1,0,0
Nbl013.jpg,1,0,0,1,0,0,0,1,0,1,0,1,0,1,0,0
Nbl015.jpg,0,1,0,1,0,0,1,0,0,0,1,1,0,1,0,0
Nbl022.jpg,0,1,0,1,0,0,1,0,0,1,0,1,0,0,1,0
Nbl025.jpg,1,0,0,1,0,0,1,0,0,1,0,0,1,1,0,0
Nbl031.jpg,1,0,0,1,0,1,0,0,0,1,0,0,1,1,0,0
Nfl054.jpg,1,0,0,1,0,1,0,0,0,1,0,1,0,1,0,0
Ngl002.jpg,0,1,0,1,0,1,0,0,0,1,0,1,0,0,1,0
NGL010.JPG,1,0,0,1,0,0,1,0,0,1,0,0,1,0,1,0
Ngl062.jpg,1,0,0,1,0,0,1,0,0,1,0,1,0,0,1,0
Ngl068.jpg,1,0,0,0,1,1,0,0,0,1,0,1,0,0,1,0
Ngl084.jpg,1,0,0,1,0,0,1,0,0,1,0,0,1,1,0,0
Nhl009.jpg,1,0,0,1,0,1,0,0,0,1,0,0,1,1,0,0
Nil031.jpg,1,0,0,1,0,0,1,0,0,1,0,0,1,0,1,0
Nil080.jpg,1,0,0,1,0,1,0,0,0,1,0,1,0,1,0,0
Nil084.jpg,0,1,0,1,0,1,0,0,0,0,1,1,0,1,0,0
Adl301.jpg,1,0,0,1,0,0,1,0,0,1,0,1,0,0,1,0
Ael496.jpg,1,0,0,1,0,0,1,0,0,0,1,1,0,0,1,0
gzl20.jpg,1,0,1,0,0,1,0,0,0,1,0,1,0,1,0,0
gzl28.jpg,1,0,0,1,0,1,0,0,0,1,0,0,1,0,1,0
Gal240.jpg,1,0,0,1,0,0,1,0,0,1,0,1,0,0,1,0
Gal039.jpg,1,0,1,0,0,0,1,0,0,1,0,1,0,0,1,0
Gal185.jpg,1,0,0,1,0,0,1,0,0,1,0,0,1,1,0,0
FBL026.JPG,1,0,1,0,0,0,1,0,0,1,0,1,0,1,0,0
Fbl028.jpg,1,0,0,0,1,1,0,0,0,1,0,0,1,1,0,0
Fcl022.jpg,1,0,0,1,0,1,0,0,0,1,0,0,1,1,0,0
Fcl040.jpg,1,0,0,1,0,1,0,0,0,0,1,0,1,0,1,0
Fcl044.jpg,1,0,0,1,0,1,0,0,0,1,0,1,0,1,0,0
FCL058.JPG,1,0,1,0,0,1,0,0,0,1,0,1,0,0,1,0
FCL074.JPG,1,0,0,0,1,1,0,0,0,1,0,1,0,0,1,0
Ffl080.jpg,1,0,0,1,0,1,0,0,0,1,0,1,0,0,1,0
Fdl014.jpg,1,0,0,1,0,0,1,0,0,0,1,0,1,1,0,0
FDL036.JPG,1,0,0,1,0,0,1,0,0,0,1,0,1,0,1,0
Gcl003.jpg,1,0,0,1,0,1,0,0,0,1,0,0,1,1,0,0
Gdl037.jpg,1,0,1,0,0,0,1,0,0,1,0,1,0,0,1,0
Ggl036.jpg,1,0,0,1,0,1,0,0,1,0,0,1,0,0,0,1
Ggl068.jpg,1,0,0,1,0,0,1,0,0,1,0,1,0,0,1,0
Fll085.jpg,1,0,0,1,0,0,1,0,0,0,1,0,1,0,1,0
Fgl018.jpg,1,0,0,1,0,1,0,0,0,1,0,1,0,0,1,0
Fgl029.jpg,1,0,1,0,0,1,0,0,0,1,0,0,1,1,0,0
Fgl057.jpg,1,0,0,1,0,0,1,0,0,0,1,1,0,1,0,0
Fil004.jpg,1,0,0,1,0,1,0,0,0,1,0,1,0,0,1,0
Fll122.jpg,1,0,1,0,0,0,1,0,0,1,0,1,0,0,1,0
Fil052.jpg,1,0,0,1,0,1,0,0,0,1,0,0,1,0,1,0
Fil070.jpg,1,0,0,1,0,1,0,0,0,1,0,0,1,0,1,0
newl053.jpg,1,0,1,0,0,1,0,0,0,1,0,0,1,1,0,0
Nal005.jpg,0,1,0,1,0,0,1,0,0,1,0,0,1,0,1,0
Nal018.jpg,0,1,0,1,0,1,0,0,1,0,0,1,0,1,0,0
Nal025.jpg,0,1,0,1,0,1,0,0,0,0,1,0,1,1,0,0
Nal033.jpg,1,0,0,1,0,1,0,0,0,1,0,1,0,0,1,0
Nal035.jpg,1,0,0,1,0,0,1,0,1,0,0,0,1,0,1,0
Nal049.jpg,1,0,0,1,0,1,0,0,0,1,0,0,1,0,1,0
Nal057.jpg,0,1,0,1,0,1,0,0,0,1,0,1,0,0,1,0
Nal058.jpg,1,0,0,1,0,0,1,0,1,0,0,0,1,1,0,0
Nal064.jpg,1,0,0,1,0,0,1,0,0,1,0,0,1,0,1,0
Nal070.jpg,1,0,0,1,0,0,1,0,1,0,0,0,1,0,1,0
Nal086.jpg,0,1,0,1,0,1,0,0,0,1,0,0,1,0,1,0
Nal091.jpg,0,1,0,1,0,1,0,0,0,1,0,1,0,0,1,0
nal095.jpg,1,0,0,1,0,0,1,0,1,0,0,0,1,1,0,0
Nal097.jpg,1,0,0,1,0,1,0,0,0,1,0,1,0,0,1,0
Nbl004.jpg,1,0,0,1,0,0,1,0,0,1,0,0,1,0,1,0
Nbl006.jpg,0,1,0,1,0,1,0,0,0,0,1,1,0,0,1,0
Nbl017.jpg,0,1,0,1,0,0,1,0,0,1,0,0,1,0,1,0
Nbl019.jpg,0,1,0,1,0,0,1,0,0,1,0,1,0,0,1,0
Nbl028.jpg,1,0,0,1,0,0,1,0,0,1,0,1,0,1,0,0
Nbl030.jpg,0,1,0,1,0,1,0,0,1,0,0,1,0,0,1,0
Nbl034.jpg,0,1,0,1,0,0,1,0,1,0,0,0,1,0,1,0
Nfl063.jpg,1,0,0,1,0,1,0,0,1,0,0,0,1,0,1,0
nfl070.jpg,1,0,0,0,1,1,0,0,0,1,0,0,1,1,0,0
nfl072.jpg,1,0,0,1,0,1,0,0,0,1,0,0,1,0,1,0
Ngl008.jpg,1,0,0,1,0,0,1,0,0,1,0,1,0,0,1,0
Ngl013.jpg,1,0,0,1,0,1,0,0,0,1,0,0,1,0,1,0
Ngl017.jpg,0,1,0,1,0,0,1,0,0,1,0,0,1,0,1,0
Ngl019.jpg,1,0,0,1,0,0,1,0,1,0,0,0,1,0,1,0
Ngl021.jpg,0,1,0,1,0,1,0,0,0,1,0,1,0,0,0,1
Ngl027.jpg,0,1,0,1,0,0,1,0,0,1,0,1,0,0,1,0
Ngl039.jpg,0,1,0,1,0,0,1,0,0,0,1,1,0,0,0,1
Ngl055.jpg,0,1,0,1,0,0,1,0,0,1,0,1,0,0,1,0
Ngl064.jpg,1,0,0,1,0,1,0,0,0,1,0,0,1,1,0,0
Ngl100.jpg,1,0,0,1,0,0,1,0,0,1,0,1,0,1,0,0
Nil066.jpg,0,1,0,1,0,1,0,0,1,0,0,1,0,0,1,0
Nil070.jpg,1,0,0,1,0,1,0,0,0,0,1,0,1,1,0,0
Nil076.jpg,1,0,0,1,0,1,0,0,0,1,0,0,1,0,1,0
Nil078.jpg,0,1,0,1,0,1,0,0,1,0,0,0,1,0,1,0
Nil088.jpg,0,1,0,1,0,0,1,0,1,0,0,0,1,0,1,0
Nil096.jpg,1,0,0,1,0,0,1,0,0,1,0,0,1,0,1,0
Nil100.jpg,1,0,0,1,0,1,0,0,0,1,0,0,1,1,0,0
Nil103.jpg,0,1,0,1,0,1,0,0,1,0,0,0,1,1,0,0
Nll002.jpg,0,1,0,1,0,1,0,0,0,1,0,0,1,0,1,0
Nll004.jpg,0,1,0,1,0,0,1,0,0,1,0,0,1,0,1,0
Nml022.jpg,0,1,0,1,0,1,0,0,0,1,0,1,0,0,1,0
Nml077.jpg,1,0,0,1,0,1,0,0,0,0,1,0,1,1,0,0
Nml079.jpg,0,1,0,1,0,1,0,0,1,0,0,1,0,0,0,1
Adl305.jpg,0,1,0,1,0,0,1,0,1,0,0,1,0,0,1,0
Adl313.jpg,1,0,0,1,0,0,1,0,0,1,0,0,1,0,1,0
Ael490.jpg,0,1,0,1,0,1,0,0,0,1,0,1,0,0,1,0
Ael492.jpg,1,0,0,1,0,1,0,0,0,1,0,0,1,0,1,0
Ael504.jpg,0,1,0,1,0,1,0,0,0,0,1,1,0,0,1,0
gzl04.jpg,0,1,0,1,0,1,0,0,1,0,0,1,0,1,0,0
gzl16.jpg,0,1,0,1,0,0,1,0,0,1,0,1,0,0,1,0
gzl76.jpg,1,0,0,1,0,0,1,0,1,0,0,1,0,0,1,0
gzl50.jpg,1,0,0,1,0,1,0,0,0,1,0,0,1,0,1,0
Gal108.jpg,1,0,1,0,0,1,0,0,0,1,0,1,0,0,1,0
Gal113.jpg,1,0,0,1,0,0,1,0,0,1,0,1,0,1,0,0
Gal146.jpg,1,0,0,1,0,0,1,0,0,0,1,0,1,0,1,0
Gal257.jpg,1,0,0,1,0,0,1,0,0,1,0,1,0,0,1,0
Gal211.jpg,1,0,0,1,0,0,1,0,0,1,0,0,1,0,1,0
FAL066.JPG,0,1,0,1,0,0,1,0,0,0,1,1,0,0,1,0
Fal078.jpg,1,0,0,1,0,1,0,0,0,0,1,0,1,0,1,0
FBL046.JPG,1,0,0,1,0,0,1,0,0,0,1,0,1,1,0,0
Fbl050.jpg,0,1,1,0,0,1,0,0,0,1,0,1,0,0,1,0
FBL058.JPG,1,0,0,1,0,1,0,0,0,1,0,1,0,1,0,0
Fll027.jpg,1,0,0,1,0,0,1,0,0,1,0,1,0,0,1,0
Fbl082.jpg,1,0,0,1,0,1,0,0,1,0,0,0,1,1,0,0
Fcl026.jpg,0,1,0,1,0,1,0,0,0,1,0,0,1,0,1,0
Fcl060.jpg,1,0,0,1,0,0,1,0,0,0,1,0,1,1,0,0
Fll045.jpg,0,1,0,1,0,0,1,0,0,1,0,0,1,0,1,0
Fcl100.jpg,1,0,0,1,0,0,1,0,0,1,0,0,1,0,1,0
Fel098.jpg,0,1,0,1,0,0,1,0,1,0,0,1,0,0,1,0
FFL020.JPG,1,0,0,1,0,0,1,0,0,1,0,1,0,0,1,0
Ffl092.jpg,1,0,0,1,0,1,0,0,1,0,0,0,1,0,1,0
Ffl094.jpg,1,0,0,1,0,0,1,0,1,0,0,0,1,0,1,0
Fll071.jpg,1,0,0,1,0,0,1,0,0,1,0,1,0,0,1,0
Fdl056.jpg,1,0,1,0,0,1,0,0,0,0,1,0,1,1,0,0
Gbl009.jpg,0,1,0,1,0,0,1,0,1,0,0,0,1,0,1,0
Gcl094.jpg,1,0,0,1,0,0,1,0,1,0,0,0,1,0,1,0
Gdl014.jpg,0,1,1,0,0,1,0,0,0,1,0,1,0,0,1,0
Gdl021.jpg,1,0,1,0,0,0,1,0,1,0,0,0,1,1,0,0
Gdl025.jpg,0,1,0,1,0,0,1,0,0,1,0,0,1,1,0,0
Ggl050.jpg,1,0,0,0,1,0,1,0,0,1,0,1,0,0,1,0
Ggl058.jpg,1,0,0,1,0,0,1,0,0,1,0,1,0,0,1,0
Fll097.jpg,0,1,0,1,0,0,1,0,0,1,0,0,1,0,1,0
Fgl082.jpg,1,0,0,0,1,1,0,0,0,1,0,0,1,0,1,0
Fgl083.jpg,1,0,0,1,0,1,0,0,1,0,0,0,1,0,1,0
Fhl046.jpg,1,0,0,1,0,1,0,0,1,0,0,0,1,0,1,0
Fll108.jpg,1,0,0,0,1,0,1,0,0,1,0,1,0,0,1,0
Fil006.jpg,1,0,0,1,0,0,1,0,0,1,0,1,0,0,1,0
Fll116.jpg,1,0,0,1,0,0,1,0,0,1,0,0,1,0,1,0
Fll118.jpg,1,0,0,1,0,0,1,0,0,1,0,0,1,0,1,0
Fil032.jpg,1,0,1,0,0,0,1,0,0,1,0,1,0,0,1,0
Fll132.jpg,1,0,0,1,0,0,1,0,0,1,0,1,0,0,1,0
newl014.jpg,1,0,0,1,0,1,0,0,0,1,0,1,0,0,1,0
newl032.jpg,1,0,0,1,0,0,1,0,0,1,0,0,1,1,0,0
newl043.jpg,1,0,1,0,0,0,1,0,0,0,1,0,1,0,1,0
newl047.jpg,1,0,1,0,0,1,0,0,0,1,0,0,1,1,0,0
newl049.jpg,0,1,0,1,0,0,1,0,0,1,0,1,0,0,1,0
newl051.jpg,1,0,0,1,0,1,0,0,0,1,0,0,1,1,0,0
newl059.jpg,1,0,0,1,0,1,0,0,0,1,0,0,1,0,1,0
Nal002.jpg,0,1,0,1,0,0,1,0,1,0,0,1,0,0,1,0
Nal008.jpg,0,1,0,1,0,0,1,0,0,0,1,1,0,1,0,0
Nbl059.jpg,0,1,0,1,0,1,0,0,0,0,1,0,1,1,0,0
Nbl060.jpg,0,1,0,1,0,1,0,0,1,0,0,1,0,0,1,0
Nbl063.jpg,0,1,0,1,0,0,1,0,0,1,0,1,0,0,1,0
Nbl065.jpg,0,1,0,1,0,0,1,0,1,0,0,1,0,1,0,0
Ngl004.jpg,0,1,0,1,0,1,0,0,1,0,0,1,0,1,0,0
NGL025.JPG,0,1,0,1,0,1,0,0,1,0,0,1,0,0,1,0
Ngl041.jpg,0,1,0,1,0,1,0,0,1,0,0,1,0,1,0,0
Ngl066.jpg,0,1,0,1,0,1,0,0,0,0,1,0,1,0,1,0
Ngl088.jpg,1,0,0,1,0,0,1,0,1,0,0,0,1,1,0,0
Nil064.jpg,0,1,0,1,0,1,0,0,1,0,0,1,0,1,0,0
Nil068.jpg,0,1,0,1,0,1,0,0,1,0,0,0,1,1,0,0
Nil082.jpg,0,1,0,1,0,1,0,0,1,0,0,1,0,1,0,0
Nil090.jpg,0,1,0,1,0,0,1,0,1,0,0,1,0,1,0,0
Nil093.jpg,0,1,0,1,0,1,0,0,0,1,0,1,0,0,1,0
nll014.jpg,0,1,0,1,0,1,0,0,1,0,0,0,1,1,0,0
Nml024.jpg,0,1,0,1,0,0,1,0,1,0,0,1,0,1,0,0
Nml073.jpg,0,1,0,1,0,1,0,0,1,0,0,1,0,1,0,0
Aal002.jpg,0,1,0,1,0,1,0,0,1,0,0,1,0,1,0,0
Aal002bis.jpg,0,1,0,1,0,0,1,0,0,1,0,1,0,0,1,0
Ael494.jpg,0,1,0,1,0,0,1,0,0,1,0,0,1,0,1,0
gzl12.jpg,1,0,0,1,0,0,1,0,0,0,1,1,0,1,0,0
gzl26.jpg,0,1,0,1,0,0,1,0,0,1,0,0,1,0,1,0
Gal220.jpg,0,1,0,1,0,0,1,0,0,1,0,0,1,0,1,0
Gal262.jpg,0,1,0,1,0,0,1,0,1,0,0,0,1,0,1,0
Gal209.jpg,0,1,0,1,0,0,1,0,0,1,0,1,0,0,1,0
FAL006.JPG,0,1,0,1,0,0,1,0,1,0,0,1,0,0,1,0
FAL094.JPG,0,1,0,1,0,0,1,0,1,0,0,1,0,0,1,0
FBL020.JPG,0,1,0,1,0,0,1,0,1,0,0,1,0,0,1,0
FCL056.JPG,0,1,0,1,0,1,0,0,0,1,0,1,0,0,1,0
Fll047.jpg,0,1,0,1,0,0,1,0,1,0,0,1,0,0,1,0
FCL084.JPG,1,0,0,1,0,0,1,0,1,0,0,1,0,0,1,0
Fcl092.jpg,0,1,0,1,0,1,0,0,0,1,0,0,1,0,1,0
FFL068.JPG,0,1,0,1,0,1,0,0,0,0,1,0,1,1,0,0
Fll069.jpg,0,1,0,1,0,0,1,0,1,0,0,1,0,0,1,0
Gbl014.jpg,0,1,0,1,0,0,1,0,1,0,0,1,0,1,0,0
Gcl058.jpg,0,1,0,1,0,0,1,0,1,0,0,1,0,0,1,0
Gdl012.jpg,0,1,0,1,0,0,1,0,1,0,0,1,0,0,0,1
Gdl023.jpg,0,1,0,1,0,0,1,0,1,0,0,1,0,0,1,0
Gdl034.jpg,0,1,0,1,0,0,1,0,0,1,0,1,0,0,1,0
Gdl089.jpg,0,1,0,1,0,0,1,0,1,0,0,1,0,0,1,0
Ggl040.jpg,1,0,0,1,0,0,0,1,0,0,1,1,0,1,0,0
Ggl054.jpg,1,0,0,1,0,0,1,0,0,1,0,0,1,0,1,0
Fgl006.jpg,0,1,0,1,0,1,0,0,0,1,0,0,1,0,1,0
Fgl061.jpg,1,0,0,1,0,1,0,0,1,0,0,1,0,1,0,0
Fil010.jpg,0,1,0,1,0,0,1,0,0,1,0,1,0,0,1,0
Fll126.jpg,0,1,0,1,0,0,1,0,1,0,0,0,1,0,1,0
Fll128.jpg,0,1,0,1,0,0,1,0,0,0,1,1,0,1,0,0
Fll130.jpg,0,1,0,1,0,0,1,0,1,0,0,1,0,1,0,0
Fll136.jpg,0,1,0,1,0,0,1,0,1,0,0,1,0,0,1,0
newl045.jpg,0,1,0,1,0,0,1,0,0,1,0,1,0,0,1,0
newl055.jpg,0,1,0,1,0,0,1,0,0,1,0,1,0,0,1,0
Nbl037.jpg,0,1,0,1,0,0,1,0,0,0,1,1,0,1,0,0
Nbl040.jpg,0,1,0,1,0,0,1,0,0,1,0,1,0,0,1,0
Nbl044.jpg,0,1,0,1,0,0,1,0,0,1,0,1,0,1,0,0
Nbl048.jpg,0,1,0,1,0,0,1,0,1,0,0,1,0,0,1,0
NBL049.JPG,0,1,0,1,0,0,1,0,1,0,0,1,0,1,0,0
Nbl054.jpg,0,1,1,0,0,0,1,0,0,1,0,1,0,1,0,0
Nbl074.jpg,0,1,0,1,0,0,1,0,1,0,0,1,0,1,0,0
Ngl006.jpg,0,1,0,1,0,1,0,0,1,0,0,1,0,0,1,0
Ngl057.jpg,0,1,0,1,0,1,0,0,1,0,0,1,0,1,0,0
Ngl015.jpg,0,1,0,1,0,0,1,0,0,1,0,0,1,0,1,0
Nhl017.jpg,0,1,0,1,0,0,1,0,0,1,0,0,1,0,1,0
Nil062.jpg,0,1,0,1,0,1,0,0,0,1,0,0,1,0,1,0
Nil086.jpg,0,1,0,1,0,0,1,0,0,0,1,1,0,1,0,0
Nml020.jpg,0,1,0,1,0,1,0,0,1,0,0,1,0,0,1,0
Nml081.jpg,0,1,0,1,0,1,0,0,1,0,0,1,0,1,0,0
Ael498.jpg,1,0,1,0,0,1,0,0,1,0,0,1,0,1,0,0
Ael514.jpg,0,1,0,1,0,0,1,0,1,0,0,1,0,1,0,0
gzl64.jpg,0,1,0,1,0,0,1,0,0,1,0,0,1,0,1,0
gzl78.jpg,0,1,0,1,0,1,0,0,1,0,0,1,0,1,0,0
FCL054.JPG,0,1,0,1,0,0,1,0,0,1,0,1,0,0,1,0
Fcl068.jpg,0,1,0,0,1,0,1,0,1,0,0,1,0,0,1,0
FDL052.JPG,0,1,0,1,0,0,1,0,1,0,0,1,0,0,1,0
Gcl039.jpg,0,1,0,1,0,0,1,0,0,1,0,1,0,0,1,0
Gcl052.jpg,0,1,0,1,0,0,1,0,0,0,1,1,0,0,1,0
Fgl044.jpg,0,1,0,1,0,0,1,0,1,0,0,1,0,1,0,0
Fil008.jpg,0,1,0,1,0,0,1,0,1,0,0,1,0,0,1,0
Fil040.jpg,1,0,1,0,0,0,1,0,1,0,0,1,0,1,0,0
newl036.jpg,0,1,0,1,0,1,0,0,1,0,0,1,0,1,0,0
NBL041.JPG,1,0,1,0,0,0,0,1,1,0,0,1,0,1,0,0
Nbl046.jpg,1,0,0,0,1,0,1,0,1,0,0,1,0,1,0,0
Fcl016.jpg,1,0,0,1,0,1,0,0,1,0,0,1,0,1,0,0
Nbl042.jpg,0,1,0,1,0,1,0,0,1,0,0,1,0,1,0,0
Ndl091.jpg,1,0,1,0,0,1,0,0,0,1,0,1,0,1,0,0
Ndl094.jpg,1,0,0,0,1,1,0,0,1,0,0,0,1,1,0,0
Nfl038.jpg,1,0,1,0,0,1,0,0,0,0,1,1,0,1,0,0
gzl72.jpg,1,0,1,0,0,1,0,0,1,0,0,1,0,0,0,1
Gal008.jpg,1,0,0,1,0,0,1,0,1,0,0,1,0,0,0,1
Fgl059.jpg,1,0,0,1,0,1,0,0,1,0,0,0,1,1,0,0
Fhl002.jpg,1,0,1,0,0,0,0,1,1,0,0,0,1,0,0,1
Fhl004.jpg,1,0,1,0,0,1,0,0,0,0,1,1,0,0,0,1
Fhl006.jpg,1,0,0,1,0,0,1,0,1,0,0,0,1,0,1,0
Fhl008.jpg,1,0,1,0,0,0,0,1,1,0,0,1,0,0,0,1
Fhl010.jpg,1,0,0,0,1,1,0,0,1,0,0,1,0,0,0,1
Fhl012.jpg,0,1,0,0,1,1,0,0,1,0,0,1,0,0,0,1
Fhl014.jpg,1,0,1,0,0,0,0,1,1,0,0,1,0,0,0,1
Fhl016.jpg,1,0,1,0,0,0,1,0,1,0,0,1,0,0,1,0
Fhl022.jpg,1,0,0,0,1,1,0,0,1,0,0,1,0,0,0,1
Fhl028.jpg,1,0,1,0,0,0,1,0,1,0,0,1,0,0,0,1
Nel050.jpg,1,0,0,0,1,1,0,0,1,0,0,1,0,0,1,0
FBL066.JPG,1,0,0,1,0,0,1,0,0,0,1,0,1,0,1,0
Ffl026.jpg,1,0,0,1,0,1,0,0,1,0,0,0,1,0,1,0
FDL068.JPG,1,0,0,1,0,1,0,0,1,0,0,1,0,1,0,0
newl002.jpg,1,0,1,0,0,1,0,0,1,0,0,1,0,1,0,0
newl028.jpg,1,0,1,0,0,1,0,0,1,0,0,1,0,1,0,0
newl041.jpg,1,0,0,1,0,0,1,0,1,0,0,0,1,0,1,0
Nel051.jpg,1,0,0,0,1,0,0,1,1,0,0,1,0,1,0,0
ndl085.jpg,1,0,0,1,0,0,1,0,1,0,0,1,0,0,1,0
Nfl074.jpg,1,0,0,1,0,0,1,0,1,0,0,0,1,0,1,0
Nml004.jpg,1,0,0,0,1,1,0,0,0,0,1,1,0,0,0,1
Nml071.jpg,1,0,1,0,0,0,1,0,0,0,1,0,1,1,0,0
gzl82.jpg,1,0,1,0,0,0,1,0,1,0,0,1,0,0,1,0
Fel092.jpg,1,0,0,1,0,0,1,0,0,0,1,0,1,0,1,0
Ndl075.jpg,0,1,0,1,0,1,0,0,0,1,0,1,0,0,0,1
Nbl088.jpg,1,0,0,1,0,0,1,0,0,0,1,1,0,0,0,1
Nbl100.jpg,1,0,0,1,0,1,0,0,0,1,0,1,0,0,1,0
Ncl020.jpg,1,0,1,0,0,0,0,1,1,0,0,1,0,0,0,1
Ncl032.jpg,1,0,0,1,0,1,0,0,0,1,0,0,1,0,1,0
Ncl078.jpg,0,1,0,1,0,1,0,0,0,1,0,1,0,0,1,0
Ncl093.jpg,0,1,0,1,0,1,0,0,0,1,0,1,0,0,1,0
Ncl095.jpg,1,0,0,0,1,0,0,1,1,0,0,1,0,0,0,1
Ndl046.jpg,1,0,0,0,1,0,0,1,1,0,0,1,0,0,0,1
Ndl050.jpg,0,1,0,0,1,0,1,0,0,1,0,1,0,0,1,0
Ndl052.jpg,1,0,0,0,1,0,0,1,1,0,0,1,0,0,0,1
Ndl054.jpg,1,0,0,0,1,0,0,1,0,0,1,1,0,0,0,1
Ndl056.jpg,0,1,0,1,0,1,0,0,0,1,0,1,0,0,0,1
Ndl058.jpg,0,1,0,0,1,1,0,0,1,0,0,1,0,1,0,0
Ndl060.jpg,0,1,0,1,0,1,0,0,0,1,0,1,0,0,1,0
Ndl061.jpg,0,1,0,0,1,0,0,1,1,0,0,1,0,1,0,0
NDL063.JPG,1,0,0,1,0,1,0,0,0,1,0,0,1,0,1,0
Ndl068.jpg,1,0,0,0,1,1,0,0,0,1,0,1,0,0,0,1
Ndl069.jpg,1,0,0,0,1,1,0,0,1,0,0,0,1,1,0,0
Ndl071.jpg,1,0,1,0,0,0,0,1,1,0,0,1,0,0,0,1
Ndl074.jpg,1,0,0,0,1,1,0,0,1,0,0,0,1,1,0,0
Ndl079.jpg,0,1,0,0,1,1,0,0,0,1,0,1,0,0,0,1
Ndl081.jpg,0,1,0,0,1,1,0,0,1,0,0,1,0,0,0,1
Ndl083.jpg,1,0,0,1,0,0,0,1,1,0,0,1,0,0,0,1
Ngl029.jpg,0,1,0,0,1,1,0,0,1,0,0,1,0,1,0,0
Ngl031.jpg,0,1,0,0,1,0,0,1,1,0,0,1,0,0,0,1
Ngl033.jpg,0,1,0,1,0,0,1,0,1,0,0,1,0,0,1,0
Ngl037.jpg,0,1,0,1,0,1,0,0,0,1,0,1,0,0,1,0
Ngl060.jpg,0,1,0,1,0,1,0,0,0,1,0,1,0,0,0,1
Ngl078.jpg,1,0,0,1,0,0,1,0,0,0,1,0,1,0,0,1
Nil004.jpg,0,1,0,0,1,1,0,0,1,0,0,1,0,0,1,0
Nil023.jpg,0,1,0,1,0,1,0,0,1,0,0,1,0,1,0,0
Nil029.jpg,1,0,0,0,1,0,1,0,0,1,0,1,0,0,1,0
Nil041.jpg,0,1,0,0,1,1,0,0,0,1,0,1,0,0,0,1
Nil058.jpg,0,1,1,0,0,0,1,0,0,1,0,1,0,0,0,1
Nll100.jpg,1,0,1,0,0,0,1,0,1,0,0,1,0,0,0,1
Nml010.jpg,1,0,0,1,0,0,1,0,0,1,0,1,0,0,0,1
Nml012.jpg,0,1,0,0,1,0,1,0,1,0,0,1,0,1,0,0
Nml016.jpg,1,0,0,0,1,1,0,0,1,0,0,0,1,1,0,0
Nml049.jpg,1,0,0,1,0,1,0,0,1,0,0,1,0,0,0,1
NML092.jpg,0,1,0,0,1,1,0,0,1,0,0,1,0,0,0,1
Nml094.jpg,1,0,0,1,0,1,0,0,1,0,0,1,0,0,0,1
Nml096.jpg,0,1,0,1,0,1,0,0,0,0,1,1,0,0,0,1
Ael421.jpg,0,1,0,1,0,0,1,0,0,1,0,1,0,0,0,1
Acl207.jpg,0,1,1,0,0,0,1,0,1,0,0,1,0,0,1,0
Acl225.jpg,1,0,0,0,1,0,0,1,1,0,0,1,0,1,0,0
Acl295.jpg,1,0,0,0,1,1,0,0,1,0,0,1,0,1,0,0
Adl358.jpg,0,1,0,1,0,0,1,0,1,0,0,1,0,1,0,0
Adl395.jpg,1,0,1,0,0,0,0,1,1,0,0,1,0,0,0,1
Adl399.jpg,1,0,1,0,0,0,1,0,1,0,0,1,0,0,1,0
Ael401.jpg,1,0,1,0,0,0,1,0,1,0,0,1,0,0,0,1
Ael405.jpg,1,0,1,0,0,0,0,1,1,0,0,1,0,0,0,1
Ael407.jpg,1,0,1,0,0,0,0,1,1,0,0,1,0,0,0,1
Ael465.jpg,1,0,0,1,0,1,0,0,0,1,0,1,0,0,0,1
Ael484.jpg,1,0,0,0,1,1,0,0,0,1,0,1,0,0,1,0
gzl58.jpg,1,0,1,0,0,0,0,1,1,0,0,1,0,0,1,0
gzl14.jpg,0,1,0,1,0,1,0,0,0,0,1,1,0,1,0,0
Gal191.jpg,0,1,0,1,0,0,1,0,0,1,0,1,0,0,1,0
Gal222.jpg,1,0,0,1,0,0,1,0,1,0,0,1,0,0,0,1
Gal238.jpg,1,0,0,1,0,0,1,0,1,0,0,1,0,0,0,1
FAL070.JPG,1,0,0,0,1,0,0,1,1,0,0,0,1,0,1,0
Fbl018.jpg,1,0,0,1,0,0,1,0,1,0,0,0,1,0,1,0
Fbl040.jpg,0,1,0,1,0,1,0,0,1,0,0,1,0,1,0,0
FBL042.JPG,0,1,0,1,0,0,1,0,1,0,0,1,0,0,1,0
Fel038.jpg,0,1,0,1,0,0,1,0,1,0,0,1,0,0,1,0
Fel074.jpg,0,1,0,1,0,0,1,0,1,0,0,1,0,1,0,0
Fel080.jpg,1,0,0,0,1,1,0,0,0,0,1,0,1,0,0,1
Ffl034.jpg,1,0,0,1,0,1,0,0,0,0,1,1,0,1,0,0
Ffl084.jpg,0,1,0,1,0,0,1,0,0,1,0,1,0,0,0,1
Fll077.jpg,1,0,0,0,1,0,1,0,0,1,0,1,0,0,1,0
Ggl026.jpg,0,1,0,1,0,0,1,0,1,0,0,1,0,0,1,0
Ggl010.jpg,1,0,1,0,0,0,0,1,1,0,0,1,0,0,0,1
Fgl023.jpg,1,0,1,0,0,0,0,1,0,0,1,1,0,0,0,1
Fgl037.jpg,1,0,0,0,1,1,0,0,0,0,1,0,1,1,0,0
Fgl074.jpg,1,0,0,0,1,0,0,1,0,0,1,1,0,1,0,0
Fgl087.jpg,1,0,1,0,0,0,0,1,0,0,1,1,0,0,0,1
newl030.jpg,0,1,0,1,0,0,1,0,1,0,0,1,0,0,1,0
newl034.jpg,0,1,0,1,0,0,1,0,0,1,0,1,0,0,1,0
newl039.jpg,1,0,0,0,1,1,0,0,1,0,0,1,0,1,0,0
Nel021.jpg,1,0,1,0,0,1,0,0,1,0,0,1,0,1,0,0
Nel023.jpg,1,0,1,0,0,0,1,0,1,0,0,1,0,1,0,0
Nfl006.jpg,1,0,1,0,0,0,0,1,1,0,0,1,0,1,0,0
Nfl008.jpg,1,0,0,0,1,0,1,0,1,0,0,1,0,1,0,0
Nfl010.jpg,1,0,0,0,1,0,1,0,0,0,1,1,0,1,0,0
Nfl012.jpg,1,0,0,0,1,0,1,0,1,0,0,1,0,1,0,0
Nfl014.jpg,1,0,0,1,0,0,0,1,1,0,0,1,0,1,0,0
Nfl016.jpg,1,0,1,0,0,0,1,0,1,0,0,1,0,1,0,0
Nfl018.jpg,1,0,0,0,1,0,0,1,1,0,0,1,0,1,0,0
Nfl020.jpg,1,0,1,0,0,0,0,1,1,0,0,1,0,1,0,0
Nfl022.jpg,1,0,1,0,0,0,0,1,1,0,0,1,0,1,0,0
Nfl024.jpg,1,0,0,0,1,0,1,0,1,0,0,1,0,1,0,0
Nfl026.jpg,1,0,0,0,1,0,1,0,0,0,1,1,0,1,0,0
NFL028.JPG,1,0,0,0,1,0,0,1,1,0,0,1,0,0,1,0
Nml114.jpg,1,0,0,0,1,1,0,0,0,1,0,1,0,1,0,0
Acl227.jpg,1,0,0,1,0,0,1,0,0,0,1,1,0,1,0,0
Acl229.jpg,0,1,0,1,0,0,1,0,0,0,1,0,1,1,0,0
Acl261.jpg,1,0,0,0,1,0,0,1,1,0,0,1,0,1,0,0
Ael409.jpg,1,0,0,1,0,0,1,0,1,0,0,1,0,1,0,0
Ael427.jpg,1,0,1,0,0,1,0,0,1,0,0,1,0,1,0,0
Ael488.jpg,1,0,1,0,0,1,0,0,0,1,0,1,0,1,0,0
Acl205.jpg,1,0,1,0,0,0,0,1,1,0,0,1,0,1,0,0
gzl18.jpg,1,0,1,0,0,0,1,0,1,0,0,1,0,1,0,0
gzl30.jpg,1,0,0,0,1,0,1,0,1,0,0,1,0,1,0,0
gzl46.jpg,1,0,0,1,0,0,0,1,1,0,0,1,0,1,0,0
Gal130.jpg,1,0,1,0,0,0,1,0,1,0,0,1,0,1,0,0
Gal173.jpg,1,0,0,0,1,1,0,0,1,0,0,1,0,1,0,0
Gal134.jpg,1,0,0,1,0,0,1,0,1,0,0,1,0,1,0,0
Fal048.jpg,1,0,1,0,0,1,0,0,0,1,0,1,0,1,0,0
FFL052.JPG,1,0,1,0,0,0,1,0,1,0,0,1,0,1,0,0
Ffl070.jpg,1,0,0,1,0,0,1,0,0,0,1,1,0,1,0,0
Fdl032.jpg,1,0,1,0,0,0,1,0,1,0,0,1,0,1,0,0
Fdl058.jpg,0,1,0,1,0,0,1,0,1,0,0,1,0,0,1,0
Fdl071.jpg,1,0,1,0,0,0,0,1,1,0,0,1,0,1,0,0
Fdl074.jpg,1,0,1,0,0,1,0,0,0,1,0,1,0,1,0,0
Ggl022.jpg,1,0,0,0,1,0,0,1,1,0,0,1,0,1,0,0
Ggl018.jpg,1,0,1,0,0,1,0,0,1,0,0,1,0,1,0,0
Ggl020.jpg,1,0,1,0,0,0,0,1,1,0,0,1,0,1,0,0
Ggl046.jpg,1,0,1,0,0,0,0,1,1,0,0,1,0,1,0,0
Ggl066.jpg,1,0,1,0,0,0,0,1,1,0,0,1,0,1,0,0
Ggl086.jpg,1,0,1,0,0,0,0,1,1,0,0,1,0,1,0,0
Fll104.jpg,1,0,1,0,0,0,1,0,0,0,1,1,0,1,0,0
Fhl048.jpg,1,0,0,1,0,0,1,0,0,1,0,1,0,0,1,0
Fil080.jpg,1,0,0,1,0,1,0,0,1,0,0,0,1,1,0,0
Fdl060.jpg,1,0,0,1,0,1,0,0,0,0,1,0,1,0,0,1
Nel044.jpg,1,0,1,0,0,0,0,1,1,0,0,1,0,1,0,0
NEL055.JPG,1,0,1,0,0,0,0,1,1,0,0,1,0,1,0,0
Nel056.jpg,1,0,1,0,0,0,0,1,1,0,0,1,0,1,0,0
Nel059.jpg,1,0,0,1,0,1,0,0,1,0,0,1,0,1,0,0
Nel061.jpg,1,0,0,1,0,1,0,0,1,0,0,1,0,1,0,0
Nel062.jpg,1,0,1,0,0,0,0,1,1,0,0,1,0,1,0,0
Nel064.jpg,1,0,1,0,0,1,0,0,1,0,0,1,0,1,0,0
Nel066.jpg,1,0,1,0,0,1,0,0,1,0,0,1,0,1,0,0
Nel068.jpg,1,0,1,0,0,1,0,0,1,0,0,1,0,1,0,0
Nel071.jpg,1,0,1,0,0,1,0,0,1,0,0,1,0,1,0,0
Nel073.jpg,1,0,1,0,0,1,0,0,1,0,0,1,0,1,0,0
Nel075.jpg,1,0,1,0,0,1,0,0,1,0,0,1,0,1,0,0
Nel078.jpg,1,0,1,0,0,0,1,0,1,0,0,1,0,1,0,0
Nel081.jpg,1,0,1,0,0,0,0,1,1,0,0,1,0,1,0,0
Ngl082.jpg,1,0,1,0,0,0,0,1,1,0,0,1,0,1,0,0
Nml041.jpg,1,0,1,0,0,1,0,0,0,0,1,1,0,1,0,0
Nml108.jpg,1,0,1,0,0,1,0,0,1,0,0,1,0,1,0,0
Acl237.jpg,1,0,1,0,0,1,0,0,1,0,0,1,0,1,0,0
Ael459.jpg,1,0,1,0,0,0,0,1,1,0,0,1,0,1,0,0
Ael519bis.jpg,1,0,0,0,1,0,0,1,1,0,0,1,0,1,0,0
gzl74.jpg,1,0,1,0,0,1,0,0,1,0,0,1,0,1,0,0
Ggl012.jpg,1,0,1,0,0,1,0,0,1,0,0,1,0,1,0,0
Ggl014.jpg,1,0,1,0,0,1,0,0,1,0,0,1,0,1,0,0
Ggl016.jpg,1,0,1,0,0,1,0,0,1,0,0,1,0,1,0,0
Ggl032.jpg,1,0,0,0,1,0,0,1,1,0,0,1,0,1,0,0
Fhl058.jpg,1,0,1,0,0,1,0,0,1,0,0,1,0,1,0,0
Fhl060.jpg,1,0,1,0,0,1,0,0,1,0,0,1,0,1,0,0
Fil082.jpg,1,0,1,0,0,1,0,0,1,0,0,1,0,1,0,0
newl016.jpg,1,0,1,0,0,0,0,1,1,0,0,1,0,1,0,0
Adl389.jpg,1,0,1,0,0,0,1,0,1,0,0,0,1,1,0,0
